"","grp","var1","var2","vcov","sdcor"
"1","reefsite","(Intercept)",NA,2.96841549745544e-37,5.44831671019172e-19
"2","Residual",NA,NA,0.0593657711379994,0.243650920659043
